<?xml version="1.0" encoding="UTF-8"?>
<jcr:root xmlns:sling="http://sling.apache.org/jcr/sling/1.0" xmlns:granite="http://www.adobe.com/jcr/granite/1.0" xmlns:cq="http://www.day.com/jcr/cq/1.0" xmlns:jcr="http://www.jcp.org/jcr/1.0" xmlns:nt="http://www.jcp.org/jcr/nt/1.0"
    jcr:primaryType="cq:Page">
    <jcr:content
        jcr:mixinTypes="[cq:LiveRelationship]"
        jcr:primaryType="cq:PageContent"
        jcr:title="AEM Communities Moderation Page"
        sling:resourceType="granite/ui/components/shell/collectionpage"
        contentPath="${requestPathInfo.suffix}"
        targetCollection="#ugc-container">
        <head
            jcr:mixinTypes="[cq:LiveRelationship]"
            jcr:primaryType="nt:unstructured">
            <clientlibs
                jcr:mixinTypes="[cq:LiveRelationship]"
                jcr:primaryType="nt:unstructured"
                sling:resourceType="granite/ui/components/coral/foundation/includeclientlibs"
                categories="[coralui3,cq.common.wcm,cq.ui.social.core.communities.filters,granite.ui.notifications,cq.social.console.moderation-publish-shell,cq.social.hbs.moderationshell]"/>
        </head>
        <title
            jcr:mixinTypes="[cq:LiveRelationship]"
            jcr:primaryType="nt:unstructured"
            sling:resourceType="granite/ui/components/coral/foundation/text"
            text="AEM Communities Moderation"/>
        <rails
            jcr:mixinTypes="[cq:LiveRelationship]"
            jcr:primaryType="nt:unstructured">
            <searchWell
                granite:class="cq-rail-searchWell"
                jcr:mixinTypes="[cq:LiveRelationship]"
                jcr:primaryType="nt:unstructured"
                jcr:title="Search"
                sling:resourceType="granite/ui/components/coral/foundation/panel/railpanel"
                icon="search">
                <items
                    jcr:mixinTypes="[cq:LiveRelationship]"
                    jcr:primaryType="nt:unstructured">
                    <filters
                        jcr:mixinTypes="[cq:LiveRelationship]"
                        jcr:primaryType="nt:unstructured"
                        sling:resourceType="social/moderation/filters"/>
                </items>
            </searchWell>
        </rails>
        <views
            jcr:mixinTypes="[cq:LiveRelationship]"
            jcr:primaryType="nt:unstructured">
            <content
                jcr:mixinTypes="[cq:LiveRelationship]"
                jcr:primaryType="nt:unstructured"
                sling:resourceType="granite/ui/components/coral/foundation/container">
                <items
                    jcr:mixinTypes="[cq:LiveRelationship]"
                    jcr:primaryType="nt:unstructured">
                    <modcontainer
                        jcr:mixinTypes="[cq:LiveRelationship]"
                        jcr:primaryType="nt:unstructured"
                        sling:resourceType="social/moderation/modcontainer">
                        <filters
                            jcr:mixinTypes="[cq:LiveRelationship]"
                            jcr:primaryType="nt:unstructured"
                            sling:resourceType="social/moderation/filters"/>
                        <ugc
                            jcr:mixinTypes="[cq:LiveRelationship]"
                            jcr:primaryType="nt:unstructured"
                            sling:resourceType="social/moderation/dashboard"/>
                        <userdetails
                            jcr:mixinTypes="[cq:LiveRelationship]"
                            jcr:primaryType="nt:unstructured"
                            sling:resourceType="social/moderation/userdetails"/>
                        <userlist
                            jcr:mixinTypes="[cq:LiveRelationship]"
                            jcr:primaryType="nt:unstructured"
                            sling:resourceType="social/console/components/hbs/users"
                            fromPublisher="true"
                            groupId="community-members"
                            includeSubGroups="true"
                            type="simpleusers"/>
                        <activitystream
                            jcr:mixinTypes="[cq:LiveRelationship]"
                            jcr:primaryType="nt:unstructured"
                            sling:resourceType="social/activitystreams/components/hbs/activitystreams"
                            allowAllView="true"
                            allowFollowingView="false"
                            allowUserView="false"
                            streamContextPath="/content"
                            streamName="moderation"/>
                    </modcontainer>
                </items>
            </content>
        </views>
    </jcr:content>
</jcr:root>
