<?xml version="1.0" encoding="UTF-8"?>
<jcr:root xmlns:sling="http://sling.apache.org/jcr/sling/1.0" xmlns:cq="http://www.day.com/jcr/cq/1.0" xmlns:jcr="http://www.jcp.org/jcr/1.0" xmlns:nt="http://www.jcp.org/jcr/nt/1.0"
    jcr:primaryType="cq:Page">
    <jcr:content
        cq:catalogBlueprint="/content/catalogs/we-retail/en/website-catalog/equipment/biking"
        cq:commerceType="section"
        cq:lastModified="{Date}2019-04-08T00:22:10.885+05:30"
        cq:lastModifiedBy="admin"
        cq:lastPropertyRollout="{Date}2016-06-29T14:10:33.415+02:00"
        cq:lastRolledout="{Date}2019-04-08T00:22:10.886+05:30"
        cq:lastRolledoutBy="admin"
        cq:template="/conf/we-retail/settings/wcm/templates/section-page"
        jcr:mixinTypes="[cq:LiveRelationship]"
        jcr:primaryType="cq:PageContent"
        jcr:title="Biking"
        sling:resourceType="weretail/components/structure/page"
        coverImage="/content/dam/we-retail/en/activities/biking/cycling_1.jpg"
        navTitle="Biking">
        <root
            cq:lastRolledout="{Date}2019-04-08T00:22:10.860+05:30"
            cq:lastRolledoutBy="admin"
            jcr:mixinTypes="[cq:LiveRelationship]"
            jcr:primaryType="nt:unstructured"
            sling:resourceType="wcm/foundation/components/responsivegrid">
            <responsivegrid
                cq:lastRolledout="{Date}2019-04-08T00:22:10.863+05:30"
                cq:lastRolledoutBy="admin"
                jcr:mixinTypes="[cq:LiveRelationship]"
                jcr:primaryType="nt:unstructured"
                sling:resourceType="wcm/foundation/components/responsivegrid"/>
            <product-grid-container
                cq:lastRolledout="{Date}2019-04-08T00:22:10.865+05:30"
                cq:lastRolledoutBy="admin"
                jcr:mixinTypes="[cq:LiveRelationship]"
                jcr:primaryType="nt:unstructured"
                sling:resourceType="wcm/foundation/components/responsivegrid">
                <product-filter
                    cq:lastRolledout="{Date}2019-04-08T00:22:10.869+05:30"
                    cq:lastRolledoutBy="admin"
                    jcr:mixinTypes="[cq:LiveRelationship]"
                    jcr:primaryType="nt:unstructured"
                    sling:resourceType="wcm/foundation/components/responsivegrid">
                    <productfilter-color
                        cq:lastRolledout="{Date}2019-04-08T00:22:10.875+05:30"
                        cq:lastRolledoutBy="admin"
                        jcr:created="{Date}2016-09-19T10:56:08.268+02:00"
                        jcr:createdBy="admin"
                        jcr:lastModified="{Date}2019-04-08T00:22:10.873+05:30"
                        jcr:lastModifiedBy="admin"
                        jcr:mixinTypes="[cq:LiveRelationship]"
                        jcr:primaryType="nt:unstructured"
                        sling:resourceType="weretail/components/structure/productfilter"
                        type="color"/>
                    <productfilter-price
                        cq:lastRolledout="{Date}2019-04-08T00:22:10.878+05:30"
                        cq:lastRolledoutBy="admin"
                        jcr:created="{Date}2016-09-19T11:11:35.458+02:00"
                        jcr:createdBy="admin"
                        jcr:lastModified="{Date}2019-04-08T00:22:10.876+05:30"
                        jcr:lastModifiedBy="admin"
                        jcr:mixinTypes="[cq:LiveRelationship]"
                        jcr:primaryType="nt:unstructured"
                        sling:resourceType="weretail/components/structure/productfilter"
                        type="price"/>
                    <productfilter-size
                        cq:lastRolledout="{Date}2019-04-08T00:22:10.882+05:30"
                        cq:lastRolledoutBy="admin"
                        jcr:created="{Date}2016-09-19T10:56:08.268+02:00"
                        jcr:createdBy="admin"
                        jcr:lastModified="{Date}2019-04-08T00:22:10.880+05:30"
                        jcr:lastModifiedBy="admin"
                        jcr:mixinTypes="[cq:LiveRelationship]"
                        jcr:primaryType="nt:unstructured"
                        sling:resourceType="weretail/components/structure/productfilter"
                        type="size"/>
                </product-filter>
                <product-grid
                    cq:lastRolledout="{Date}2019-04-08T00:22:10.886+05:30"
                    cq:lastRolledoutBy="admin"
                    jcr:mixinTypes="[cq:LiveRelationship]"
                    jcr:primaryType="nt:unstructured"
                    sling:resourceType="weretail/components/content/productgrid"
                    childDepth="2"
                    displayAs="products"
                    listFrom="children"
                    orderBy="jcr:title"
                    ordered="{Boolean}true"
                    pageMax="0"/>
            </product-grid-container>
        </root>
    </jcr:content>
    <sequoia-bike-helmet/>
    <comfort-gel-gloves/>
    <compact-chain-tool/>
    <blast-mini-pump/>
    <marin-mountain-bike-shoes/>
    <mx121-sport-pedals/>
</jcr:root>
