<?xml version="1.0" encoding="UTF-8"?>
<jcr:root xmlns:sling="http://sling.apache.org/jcr/sling/1.0" xmlns:cq="http://www.day.com/jcr/cq/1.0" xmlns:jcr="http://www.jcp.org/jcr/1.0" xmlns:nt="http://www.jcp.org/jcr/nt/1.0"
    jcr:primaryType="cq:Page">
    <jcr:content
        cq:lastModified="{Date}2019-05-03T14:32:31.078+05:30"
        cq:lastModifiedBy="admin"
        cq:template="/libs/wcm/core/templates/designpage"
        jcr:primaryType="cq:PageContent"
        jcr:title="dileepDialoge"
        sling:resourceType="wcm/core/components/designer">
        <contentPage jcr:primaryType="nt:unstructured">
            <container1
                jcr:lastModified="{Date}2019-05-03T14:32:31.071+05:30"
                jcr:lastModifiedBy="admin"
                jcr:primaryType="nt:unstructured"
                sling:resourceType="wcm/foundation/components/parsys"
                components="[group:General,group:bd,group:carasol,group:carasolCOmponent,/libs/cq/reporting/components/compreport/pagecol,group:SampleContentCompontent,group:shoppingCartContent,group:We.Retail]">
                <text
                    jcr:lastModified="{Date}2019-03-22T09:04:49.377+05:30"
                    jcr:lastModifiedBy="admin"
                    jcr:primaryType="nt:unstructured"
                    sling:resourceType="dileep/components/content/text"
                    txt="hi delhi from design dialoge"/>
                <section jcr:primaryType="nt:unstructured"/>
                <breadcrumb
                    jcr:lastModified="{Date}2019-04-14T18:41:54.521+05:30"
                    jcr:lastModifiedBy="admin"
                    jcr:primaryType="nt:unstructured"
                    sling:resourceType="weretail/components/content/breadcrumb"
                    hideCurrent="false"
                    showHidden="false"
                    startLevel="2"/>
                <contentfragment jcr:primaryType="nt:unstructured">
                    <grid
                        jcr:lastModified="{Date}2019-05-03T14:31:21.526+05:30"
                        jcr:lastModifiedBy="admin"
                        jcr:primaryType="nt:unstructured"
                        sling:resourceType="dam/cfm/components/grid"
                        components="group:shoppingCartContent"/>
                </contentfragment>
            </container1>
        </contentPage>
        <clientlibs/>
    </jcr:content>
</jcr:root>
