<?xml version="1.0" encoding="UTF-8"?>
<jcr:root xmlns:sling="http://sling.apache.org/jcr/sling/1.0" xmlns:cq="http://www.day.com/jcr/cq/1.0" xmlns:jcr="http://www.jcp.org/jcr/1.0" xmlns:nt="http://www.jcp.org/jcr/nt/1.0"
    jcr:primaryType="cq:Page">
    <jcr:content
        cq:lastModified="{Date}2019-04-08T00:21:59.311+05:30"
        cq:lastModifiedBy="admin"
        cq:lastRolledout="{Date}2019-04-08T00:21:59.313+05:30"
        cq:lastRolledoutBy="admin"
        cq:template="/conf/we-retail/settings/wcm/templates/hero-page"
        jcr:mixinTypes="[cq:LiveRelationship]"
        jcr:primaryType="cq:PageContent"
        jcr:title="Experience"
        sling:resourceType="weretail/components/structure/page"
        hideSubItemsInNav="{Boolean}true">
        <root
            cq:lastRolledout="{Date}2019-04-08T00:21:59.297+05:30"
            cq:lastRolledoutBy="admin"
            jcr:mixinTypes="[cq:LiveRelationship]"
            jcr:primaryType="nt:unstructured"
            sling:resourceType="wcm/foundation/components/responsivegrid">
            <hero_image
                cq:lastRolledout="{Date}2019-04-08T00:21:59.304+05:30"
                cq:lastRolledoutBy="admin"
                jcr:created="{Date}2015-11-23T21:42:24.428+01:00"
                jcr:createdBy="admin"
                jcr:lastModified="{Date}2019-04-08T00:21:59.301+05:30"
                jcr:lastModifiedBy="admin"
                jcr:mixinTypes="[cq:LiveRelationship]"
                jcr:primaryType="nt:unstructured"
                sling:resourceType="weretail/components/content/heroimage"
                fileReference="/content/dam/we-retail/en/activities/hiking-camping/trekker-ama-dablam.jpg"
                heading="Inspiring stories from around the world"
                title="Experiences"
                useFullWidth="true"/>
            <responsivegrid
                cq:lastRolledout="{Date}2019-04-08T00:21:59.306+05:30"
                cq:lastRolledoutBy="admin"
                jcr:mixinTypes="[cq:LiveRelationship]"
                jcr:primaryType="nt:unstructured"
                sling:resourceType="wcm/foundation/components/responsivegrid">
                <articles_list
                    cq:lastRolledout="{Date}2019-04-08T00:21:59.313+05:30"
                    cq:lastRolledoutBy="admin"
                    jcr:created="{Date}2015-11-23T21:44:37.256+01:00"
                    jcr:createdBy="admin"
                    jcr:lastModified="{Date}2019-04-08T00:21:59.309+05:30"
                    jcr:lastModifiedBy="admin"
                    jcr:mixinTypes="[cq:LiveRelationship]"
                    jcr:primaryType="nt:unstructured"
                    sling:resourceType="weretail/components/content/articleslist"
                    displayAs="teaser"
                    feedEnabled="true"
                    limit="0"
                    listFrom="children"
                    orderBy="cq:lastModified"
                    pageMax="0"
                    tagsMatch="any"/>
            </responsivegrid>
        </root>
    </jcr:content>
    <arctic-surfing-in-lofoten/>
    <summit-success-in-the-himalayas/>
    <climbing-on-kalymnos-island--greece/>
    <running-at-the-great-wall-marathon/>
    <skiing-deep-powder-in-siberia/>
    <climbing-in-the-massif-du-mont-blanc/>
</jcr:root>
