<?xml version="1.0" encoding="UTF-8"?>
<jcr:root xmlns:sling="http://sling.apache.org/jcr/sling/1.0" xmlns:cq="http://www.day.com/jcr/cq/1.0" xmlns:jcr="http://www.jcp.org/jcr/1.0" xmlns:nt="http://www.jcp.org/jcr/nt/1.0"
    jcr:primaryType="cq:Page">
    <jcr:content
        cq:catalogBlueprint="/content/catalogs/we-retail/en/website-catalog/equipment/hiking"
        cq:commerceType="section"
        cq:lastModified="{Date}2019-04-08T00:21:28.930+05:30"
        cq:lastModifiedBy="admin"
        cq:lastPropertyRollout="{Date}2016-07-04T11:35:13.848+02:00"
        cq:lastRolledout="{Date}2019-04-08T00:21:28.932+05:30"
        cq:lastRolledoutBy="admin"
        cq:template="/conf/we-retail/settings/wcm/templates/section-page"
        jcr:mixinTypes="[cq:LiveRelationship]"
        jcr:primaryType="cq:PageContent"
        jcr:title="Hiking"
        sling:resourceType="weretail/components/structure/page"
        coverImage="/content/dam/we-retail/en/activities/hiking/hiking_2.jpg"
        navTitle="Hiking">
        <root
            cq:lastRolledout="{Date}2019-04-08T00:21:28.901+05:30"
            cq:lastRolledoutBy="admin"
            jcr:mixinTypes="[cq:LiveRelationship]"
            jcr:primaryType="nt:unstructured"
            sling:resourceType="wcm/foundation/components/responsivegrid">
            <responsivegrid
                cq:lastRolledout="{Date}2019-04-08T00:21:28.905+05:30"
                cq:lastRolledoutBy="admin"
                jcr:mixinTypes="[cq:LiveRelationship]"
                jcr:primaryType="nt:unstructured"
                sling:resourceType="wcm/foundation/components/responsivegrid"/>
            <product-grid-container
                cq:lastRolledout="{Date}2019-04-08T00:21:28.907+05:30"
                cq:lastRolledoutBy="admin"
                jcr:mixinTypes="[cq:LiveRelationship]"
                jcr:primaryType="nt:unstructured"
                sling:resourceType="wcm/foundation/components/responsivegrid">
                <product-filter
                    cq:lastRolledout="{Date}2019-04-08T00:21:28.912+05:30"
                    cq:lastRolledoutBy="admin"
                    jcr:mixinTypes="[cq:LiveRelationship]"
                    jcr:primaryType="nt:unstructured"
                    sling:resourceType="wcm/foundation/components/responsivegrid">
                    <productfilter-color
                        cq:lastRolledout="{Date}2019-04-08T00:21:28.919+05:30"
                        cq:lastRolledoutBy="admin"
                        jcr:created="{Date}2016-09-19T10:56:08.268+02:00"
                        jcr:createdBy="admin"
                        jcr:lastModified="{Date}2019-04-08T00:21:28.916+05:30"
                        jcr:lastModifiedBy="admin"
                        jcr:mixinTypes="[cq:LiveRelationship]"
                        jcr:primaryType="nt:unstructured"
                        sling:resourceType="weretail/components/structure/productfilter"
                        type="color"/>
                    <productfilter-price
                        cq:lastRolledout="{Date}2019-04-08T00:21:28.923+05:30"
                        cq:lastRolledoutBy="admin"
                        jcr:created="{Date}2016-09-19T11:11:35.458+02:00"
                        jcr:createdBy="admin"
                        jcr:lastModified="{Date}2019-04-08T00:21:28.920+05:30"
                        jcr:lastModifiedBy="admin"
                        jcr:mixinTypes="[cq:LiveRelationship]"
                        jcr:primaryType="nt:unstructured"
                        sling:resourceType="weretail/components/structure/productfilter"
                        type="price"/>
                    <productfilter-size
                        cq:lastRolledout="{Date}2019-04-08T00:21:28.927+05:30"
                        cq:lastRolledoutBy="admin"
                        jcr:created="{Date}2016-09-19T10:56:08.268+02:00"
                        jcr:createdBy="admin"
                        jcr:lastModified="{Date}2019-04-08T00:21:28.925+05:30"
                        jcr:lastModifiedBy="admin"
                        jcr:mixinTypes="[cq:LiveRelationship]"
                        jcr:primaryType="nt:unstructured"
                        sling:resourceType="weretail/components/structure/productfilter"
                        type="size"/>
                </product-filter>
                <product-grid
                    cq:lastRolledout="{Date}2019-04-08T00:21:28.932+05:30"
                    cq:lastRolledoutBy="admin"
                    jcr:mixinTypes="[cq:LiveRelationship]"
                    jcr:primaryType="nt:unstructured"
                    sling:resourceType="weretail/components/content/productgrid"
                    childDepth="2"
                    displayAs="products"
                    listFrom="children"
                    orderBy="jcr:title"
                    ordered="{Boolean}true"
                    pageMax="0"/>
            </product-grid-container>
        </root>
    </jcr:content>
    <hiking-pants/>
    <fleet-fox-running-shorts/>
    <candide-trail-short/>
    <desert-sky-shorts/>
    <rios-t-shirt/>
    <hiking-poles/>
    <cuzco/>
    <trail-model-pants/>
    <corona-shorts/>
    <buffalo-plaid-shorts/>
    <stretch-fatigue-shorts/>
    <slot-canyon-active-shorts/>
    <laguna-short-sleeve-shirt/>
    <expedition-tech-long-sleeved-shirt/>
</jcr:root>
