<?xml version="1.0" encoding="UTF-8"?>
<jcr:root xmlns:sling="http://sling.apache.org/jcr/sling/1.0" xmlns:cq="http://www.day.com/jcr/cq/1.0" xmlns:jcr="http://www.jcp.org/jcr/1.0" xmlns:nt="http://www.jcp.org/jcr/nt/1.0"
    jcr:primaryType="cq:Page">
    <jcr:content
        cq:allowedTemplates="[/conf/we-retail/settings/wcm/templates/.*]"
        cq:cloudserviceconfigs="[/etc/cloudservices/msft-translation/msft_trial,/etc/cloudservices/translation/default_translation]"
        cq:designPath="/etc/designs/we-retail"
        cq:deviceGroups="[/etc/mobile/groups/responsive]"
        cq:lastModified="{Date}2019-04-08T00:21:17.253+05:30"
        cq:lastModifiedBy="admin"
        cq:lastRolledout="{Date}2019-04-08T00:21:17.257+05:30"
        cq:lastRolledoutBy="admin"
        jcr:mixinTypes="[cq:LiveRelationship,cq:LiveSync]"
        jcr:primaryType="cq:PageContent"
        jcr:title="dileepDulicateagain"
        sling:redirect="true"
        sling:redirectStatus="{Long}302"
        sling:resourceType="foundation/components/redirect"
        redirectTarget="/content/dileepProject/duplicate/us/en">
        <image
            cq:lastRolledout="{Date}2019-04-08T00:21:17.137+05:30"
            cq:lastRolledoutBy="admin"
            jcr:mixinTypes="[cq:LiveRelationship]"
            jcr:primaryType="nt:unstructured"
            imageRotate="0">
            <file/>
        </image>
        <cq:LiveSyncConfig
            cq:isDeep="{Boolean}true"
            cq:master="/content/we-retail"
            cq:rolloutConfigs="[]"
            jcr:primaryType="cq:LiveCopy"/>
    </jcr:content>
    <ca/>
    <ch/>
    <de/>
    <es/>
    <fr/>
    <it/>
    <language-masters/>
    <us/>
</jcr:root>
