<?xml version="1.0" encoding="UTF-8"?>
<jcr:root xmlns:sling="http://sling.apache.org/jcr/sling/1.0" xmlns:cq="http://www.day.com/jcr/cq/1.0" xmlns:jcr="http://www.jcp.org/jcr/1.0" xmlns:nt="http://www.jcp.org/jcr/nt/1.0"
    jcr:primaryType="cq:Page">
    <jcr:content
        cq:catalogBlueprint="/content/catalogs/we-retail/en/website-catalog/equipment/running"
        cq:commerceType="section"
        cq:lastModified="{Date}2019-04-08T00:21:49.769+05:30"
        cq:lastModifiedBy="admin"
        cq:lastPropertyRollout="{Date}2016-07-04T11:35:06.408+02:00"
        cq:lastRolledout="{Date}2019-04-08T00:21:49.771+05:30"
        cq:lastRolledoutBy="admin"
        cq:template="/conf/we-retail/settings/wcm/templates/section-page"
        jcr:mixinTypes="[cq:LiveRelationship]"
        jcr:primaryType="cq:PageContent"
        jcr:title="Running"
        sling:resourceType="weretail/components/structure/page"
        coverImage="/content/dam/we-retail/en/activities/running/running_5.jpg"
        navTitle="Running">
        <root
            cq:lastRolledout="{Date}2019-04-08T00:21:49.743+05:30"
            cq:lastRolledoutBy="admin"
            jcr:mixinTypes="[cq:LiveRelationship]"
            jcr:primaryType="nt:unstructured"
            sling:resourceType="wcm/foundation/components/responsivegrid">
            <responsivegrid
                cq:lastRolledout="{Date}2019-04-08T00:21:49.747+05:30"
                cq:lastRolledoutBy="admin"
                jcr:mixinTypes="[cq:LiveRelationship]"
                jcr:primaryType="nt:unstructured"
                sling:resourceType="wcm/foundation/components/responsivegrid"/>
            <product-grid-container
                cq:lastRolledout="{Date}2019-04-08T00:21:49.749+05:30"
                cq:lastRolledoutBy="admin"
                jcr:mixinTypes="[cq:LiveRelationship]"
                jcr:primaryType="nt:unstructured"
                sling:resourceType="wcm/foundation/components/responsivegrid">
                <product-filter
                    cq:lastRolledout="{Date}2019-04-08T00:21:49.753+05:30"
                    cq:lastRolledoutBy="admin"
                    jcr:mixinTypes="[cq:LiveRelationship]"
                    jcr:primaryType="nt:unstructured"
                    sling:resourceType="wcm/foundation/components/responsivegrid">
                    <productfilter-color
                        cq:lastRolledout="{Date}2019-04-08T00:21:49.760+05:30"
                        cq:lastRolledoutBy="admin"
                        jcr:created="{Date}2016-09-19T10:56:08.268+02:00"
                        jcr:createdBy="admin"
                        jcr:lastModified="{Date}2019-04-08T00:21:49.757+05:30"
                        jcr:lastModifiedBy="admin"
                        jcr:mixinTypes="[cq:LiveRelationship]"
                        jcr:primaryType="nt:unstructured"
                        sling:resourceType="weretail/components/structure/productfilter"
                        type="color"/>
                    <productfilter-price
                        cq:lastRolledout="{Date}2019-04-08T00:21:49.763+05:30"
                        cq:lastRolledoutBy="admin"
                        jcr:created="{Date}2016-09-19T11:11:35.458+02:00"
                        jcr:createdBy="admin"
                        jcr:lastModified="{Date}2019-04-08T00:21:49.761+05:30"
                        jcr:lastModifiedBy="admin"
                        jcr:mixinTypes="[cq:LiveRelationship]"
                        jcr:primaryType="nt:unstructured"
                        sling:resourceType="weretail/components/structure/productfilter"
                        type="price"/>
                    <productfilter-size
                        cq:lastRolledout="{Date}2019-04-08T00:21:49.766+05:30"
                        cq:lastRolledoutBy="admin"
                        jcr:created="{Date}2016-09-19T10:56:08.268+02:00"
                        jcr:createdBy="admin"
                        jcr:lastModified="{Date}2019-04-08T00:21:49.764+05:30"
                        jcr:lastModifiedBy="admin"
                        jcr:mixinTypes="[cq:LiveRelationship]"
                        jcr:primaryType="nt:unstructured"
                        sling:resourceType="weretail/components/structure/productfilter"
                        type="size"/>
                </product-filter>
                <product-grid
                    cq:lastRolledout="{Date}2019-04-08T00:21:49.771+05:30"
                    cq:lastRolledoutBy="admin"
                    jcr:mixinTypes="[cq:LiveRelationship]"
                    jcr:primaryType="nt:unstructured"
                    sling:resourceType="weretail/components/content/productgrid"
                    childDepth="2"
                    displayAs="products"
                    listFrom="children"
                    orderBy="jcr:title"
                    ordered="{Boolean}true"
                    pageMax="0"/>
            </product-grid-container>
        </root>
    </jcr:content>
    <faba-running-pants/>
    <spixa-runners/>
    <bpa-free-water-bottle/>
    <fleet-cross-training-shoe/>
    <basa-mp3-player/>
    <gomobile-fitness-monitorsmart-music-player/>
</jcr:root>
