<?xml version="1.0" encoding="UTF-8"?>
<jcr:root xmlns:sling="http://sling.apache.org/jcr/sling/1.0" xmlns:cq="http://www.day.com/jcr/cq/1.0" xmlns:jcr="http://www.jcp.org/jcr/1.0" xmlns:nt="http://www.jcp.org/jcr/nt/1.0"
    jcr:primaryType="cq:Page">
    <jcr:content
        cq:catalogBlueprint="/content/catalogs/we-retail/en/website-catalog/equipment"
        cq:commerceType="section"
        cq:lastModified="{Date}2019-04-08T00:21:48.925+05:30"
        cq:lastModifiedBy="admin"
        cq:lastPropertyRollout="{Date}2016-07-04T11:35:02.297+02:00"
        cq:lastRolledout="{Date}2019-04-08T00:21:48.927+05:30"
        cq:lastRolledoutBy="admin"
        cq:template="/conf/we-retail/settings/wcm/templates/section-page"
        jcr:mixinTypes="[cq:LiveRelationship]"
        jcr:primaryType="cq:PageContent"
        jcr:title="Equipment"
        sling:resourceType="weretail/components/structure/page"
        coverImage="/content/dam/we-retail/en/products/activities/equipment_4.jpg"
        navTitle="Equipment">
        <root
            cq:lastRolledout="{Date}2019-04-08T00:21:48.898+05:30"
            cq:lastRolledoutBy="admin"
            jcr:mixinTypes="[cq:LiveRelationship]"
            jcr:primaryType="nt:unstructured"
            sling:resourceType="wcm/foundation/components/responsivegrid">
            <responsivegrid
                cq:lastRolledout="{Date}2019-04-08T00:21:48.902+05:30"
                cq:lastRolledoutBy="admin"
                jcr:mixinTypes="[cq:LiveRelationship]"
                jcr:primaryType="nt:unstructured"
                sling:resourceType="wcm/foundation/components/responsivegrid"/>
            <product-grid-container
                cq:lastRolledout="{Date}2019-04-08T00:21:48.904+05:30"
                cq:lastRolledoutBy="admin"
                jcr:mixinTypes="[cq:LiveRelationship]"
                jcr:primaryType="nt:unstructured"
                sling:resourceType="wcm/foundation/components/responsivegrid">
                <product-filter
                    cq:lastRolledout="{Date}2019-04-08T00:21:48.908+05:30"
                    cq:lastRolledoutBy="admin"
                    jcr:mixinTypes="[cq:LiveRelationship]"
                    jcr:primaryType="nt:unstructured"
                    sling:resourceType="wcm/foundation/components/responsivegrid">
                    <productfilter-color
                        cq:lastRolledout="{Date}2019-04-08T00:21:48.915+05:30"
                        cq:lastRolledoutBy="admin"
                        jcr:created="{Date}2016-09-19T10:56:08.268+02:00"
                        jcr:createdBy="admin"
                        jcr:lastModified="{Date}2019-04-08T00:21:48.912+05:30"
                        jcr:lastModifiedBy="admin"
                        jcr:mixinTypes="[cq:LiveRelationship]"
                        jcr:primaryType="nt:unstructured"
                        sling:resourceType="weretail/components/structure/productfilter"
                        type="color"/>
                    <productfilter-price
                        cq:lastRolledout="{Date}2019-04-08T00:21:48.919+05:30"
                        cq:lastRolledoutBy="admin"
                        jcr:created="{Date}2016-09-19T11:11:35.458+02:00"
                        jcr:createdBy="admin"
                        jcr:lastModified="{Date}2019-04-08T00:21:48.916+05:30"
                        jcr:lastModifiedBy="admin"
                        jcr:mixinTypes="[cq:LiveRelationship]"
                        jcr:primaryType="nt:unstructured"
                        sling:resourceType="weretail/components/structure/productfilter"
                        type="price"/>
                    <productfilter-size
                        cq:lastRolledout="{Date}2019-04-08T00:21:48.922+05:30"
                        cq:lastRolledoutBy="admin"
                        jcr:created="{Date}2016-09-19T10:56:08.268+02:00"
                        jcr:createdBy="admin"
                        jcr:lastModified="{Date}2019-04-08T00:21:48.920+05:30"
                        jcr:lastModifiedBy="admin"
                        jcr:mixinTypes="[cq:LiveRelationship]"
                        jcr:primaryType="nt:unstructured"
                        sling:resourceType="weretail/components/structure/productfilter"
                        type="size"/>
                </product-filter>
                <product-grid
                    cq:lastRolledout="{Date}2019-04-08T00:21:48.926+05:30"
                    cq:lastRolledoutBy="admin"
                    jcr:mixinTypes="[cq:LiveRelationship]"
                    jcr:primaryType="nt:unstructured"
                    sling:resourceType="weretail/components/content/productgrid"
                    childDepth="2"
                    displayAs="products"
                    listFrom="children"
                    orderBy="jcr:title"
                    ordered="{Boolean}true"
                    pageMax="0"/>
            </product-grid-container>
        </root>
    </jcr:content>
    <surfing/>
    <running/>
    <water-sports/>
    <hiking/>
    <biking/>
    <snow-sports/>
</jcr:root>
