<?xml version="1.0" encoding="UTF-8"?>
<jcr:root xmlns:sling="http://sling.apache.org/jcr/sling/1.0" xmlns:scg="http://www.adobe.com/social/scg/1.0" xmlns:cq="http://www.day.com/jcr/cq/1.0" xmlns:jcr="http://www.jcp.org/jcr/1.0" xmlns:mix="http://www.jcp.org/jcr/mix/1.0" xmlns:nt="http://www.jcp.org/jcr/nt/1.0" xmlns:rep="internal"
    jcr:mixinTypes="[rep:AccessControllable]"
    jcr:primaryType="cq:Page">
    <jcr:content
        cq:designPath="/etc/designs/social/console"
        cq:deviceGroups="[/etc/mobile/groups/responsive]"
        cq:isCommunityGroup="{Boolean}true"
        cq:lastModified="{Date}2019-04-08T00:22:13.137+05:30"
        cq:lastModifiedBy="admin"
        cq:lastRolledout="{Date}2019-04-08T00:22:13.138+05:30"
        cq:lastRolledoutBy="admin"
        cq:template="/libs/social/console/templates/base_page"
        jcr:isCheckedOut="{Boolean}true"
        jcr:mixinTypes="[cq:LiveRelationship,mix:versionable]"
        jcr:primaryType="cq:PageContent"
        jcr:title="Groups"
        jcr:uuid="17f1426a-89af-4bb7-b658-67f306e68acf"
        sling:resourceType="social/console/components/basepage"
        etcpath="/etc/community/templates/functions/reference/groups"
        navTitle="Groups"
        offTime_x0040_TypeHint="Date"
        onTime_x0040_TypeHint="Date"
        pageTitle="Groups">
        <clientlibslist
            cq:lastRolledout="{Date}2019-04-08T00:22:13.098+05:30"
            cq:lastRolledoutBy="admin"
            jcr:mixinTypes="[cq:LiveRelationship]"
            jcr:primaryType="nt:unstructured"
            scg:requiredClientLibs="[cq.social.hbs.breadcrumbs,cq.social.hbs.userprofile,cq.social.hbs.forum,cq.social.hbs.communitygroups,personalization.core.kernel,personalization.clientcontext.kernel,personalization.stores.kernel,personalization.kernel]"
            sling:resourceType="social/console/components/clientlibslist"/>
        <content
            cq:lastRolledout="{Date}2019-04-08T00:22:13.101+05:30"
            cq:lastRolledoutBy="admin"
            jcr:mixinTypes="[cq:LiveRelationship]"
            jcr:primaryType="nt:unstructured"
            sling:resourceType="social/console/components/hbs/singlecolumncontent">
            <breadcrumbs
                cq:lastRolledout="{Date}2019-04-08T00:22:13.113+05:30"
                cq:lastRolledoutBy="admin"
                jcr:mixinTypes="[cq:LiveRelationship]"
                jcr:primaryType="nt:unstructured"
                sling:resourceType="social/console/components/hbs/breadcrumbs"/>
            <primary
                cq:lastRolledout="{Date}2019-04-08T00:22:13.115+05:30"
                cq:lastRolledoutBy="admin"
                jcr:mixinTypes="[cq:LiveRelationship]"
                jcr:primaryType="nt:unstructured"
                sling:resourceType="wcm/foundation/components/responsivegrid">
                <communitygroups
                    cq:lastRolledout="{Date}2019-04-08T00:22:13.118+05:30"
                    cq:lastRolledoutBy="admin"
                    jcr:mixinTypes="[cq:LiveRelationship]"
                    jcr:primaryType="nt:unstructured"
                    sling:resourceType="social/group/components/hbs/communitygroups">
                    <userlist
                        cq:lastRolledout="{Date}2019-04-08T00:22:13.124+05:30"
                        cq:lastRolledoutBy="admin"
                        jcr:created="{Date}2015-03-04T16:10:55.434-05:00"
                        jcr:createdBy="admin"
                        jcr:lastModified="{Date}2019-04-08T00:22:13.121+05:30"
                        jcr:lastModifiedBy="admin"
                        jcr:mixinTypes="[cq:LiveRelationship]"
                        jcr:primaryType="nt:unstructured"
                        sling:resourceType="social/messaging/components/hbs/userchooser"
                        searchDisplayName="true"
                        searchEmail="true"
                        searchGivenName="true"
                        searchLastName="true"
                        searchMiddleName="true"
                        showUsers="true"/>
                </communitygroups>
            </primary>
        </content>
        <cq:responsive
            cq:lastRolledout="{Date}2019-04-08T00:22:13.126+05:30"
            cq:lastRolledoutBy="admin"
            jcr:mixinTypes="[cq:LiveRelationship]"
            jcr:primaryType="nt:unstructured">
            <breakpoints
                cq:lastRolledout="{Date}2019-04-08T00:22:13.129+05:30"
                cq:lastRolledoutBy="admin"
                jcr:mixinTypes="[cq:LiveRelationship]"
                jcr:primaryType="nt:unstructured">
                <phone
                    cq:lastRolledout="{Date}2019-04-08T00:22:13.133+05:30"
                    cq:lastRolledoutBy="admin"
                    jcr:mixinTypes="[cq:LiveRelationship]"
                    jcr:primaryType="nt:unstructured"
                    title="Smaller Screen"
                    width="{Decimal}768"/>
                <tablet
                    cq:lastRolledout="{Date}2019-04-08T00:22:13.136+05:30"
                    cq:lastRolledoutBy="admin"
                    jcr:mixinTypes="[cq:LiveRelationship]"
                    jcr:primaryType="nt:unstructured"
                    title="Tablet"
                    width="{Decimal}992"/>
                <mediumscreen
                    cq:lastRolledout="{Date}2019-04-08T00:22:13.138+05:30"
                    cq:lastRolledoutBy="admin"
                    jcr:mixinTypes="[cq:LiveRelationship]"
                    jcr:primaryType="nt:unstructured"
                    title="Medium Screen"
                    width="{Decimal}1200"/>
            </breakpoints>
        </cq:responsive>
    </jcr:content>
    <hiking/>
    <running/>
    <wintersports/>
    <skiing/>
    <surfing/>
</jcr:root>
